{
    "id": "compendium-share",
    "title": "Compendium Share",
    "description": "A simple way to share your compendiums.",
    "author": "LGMart",
    "version": "1.1.0",
    "styles": [ "Share.css" ],
    "packs": [
        {
            "label": "Journal Share",
            "name": "journal-share",
			"type": "JournalEntry",
            "system": "dnd5e",
            "path": "./packs/journal-share.db"
        },
        {
            "name": "macros-shares",
            "label": "Macro Share",
			"type": "Macro",
            "system": "dnd5e",
            "path": "./packs/macros-share.db"
        },
        {
            "name": "players-shares",
            "label": "Players Share",
			"type": "Actor",
            "system": "dnd5e",
            "path": "./packs/players-share.db"
        },
        {
            "name": "items-shares",
            "label": "Items Share",
			"type": "Item",
            "system": "dnd5e",
            "path": "./packs/items-share.db"
        },
        {
            "name": "rolltable-shares",
            "label": "Rolltable Share",
			"type": "RollTable",
            "system": "dnd5e",
            "path": "./packs/rolltable-share.db"
        },
        {
            "name": "Playlist",
            "label": "Playlist Share",
			"type": "Playlist",
            "system": "dnd5e",
            "path": "./packs/playlist-share.db"
        },
        {
            "name": "scenes-shares",
            "label": "Scenes Share",
			"type": "Scene",
            "system": "dnd5e",
            "path": "./packs/scenes-share.db"
        }
    ],
    "url": "https://github.com/LGMart/FoundryVTT-compendium-share",
    "manifest": "https://raw.githubusercontent.com/LGMart/FoundryVTT-compendium-share/main/module.json",
	"download": "https://github.com/LGMart/FoundryVTT-compendium-share/raw/main/compendium-share.zip"
}
